"","total.raw_alpha","total.std.alpha","total.G6.smc.","total.average_r","total.S.N","total.ase","total.mean","total.sd","total.median_r"
"1",0.463745562300752,0.463745562300752,0.606095581426318,0.0623728635906704,0.864786432892587,0.131394435753015,0.0420903930741127,0.366739727776866,0.0536414565826331
